Event Name,Event Date,Venue,City,Fighter 1,BetOnline,Pinnacle,Fighter 2,BetOnline,Pinnacle,Link
Super RIZIN 2,"July 30, 2023",Saitama Super Arena,"Saitama, Japan",Mikuru Asakura,-125,,Vugar Kyarimov,-105,,https://fightodds.io/mma-events/4772/super-rizin-2/odds
Super RIZIN 2,"July 30, 2023",Saitama Super Arena,"Saitama, Japan",Hiromasa Ogikubo,+325,,Juan Archuleta,-425,,https://fightodds.io/mma-events/4772/super-rizin-2/odds
Super RIZIN 2,"July 30, 2023",Saitama Super Arena,"Saitama, Japan",Seika Izawa,-550,,Claire Lopez,+400,,https://fightodds.io/mma-events/4772/super-rizin-2/odds
Super RIZIN 2,"July 30, 2023",Saitama Super Arena,"Saitama, Japan",Patricio Freire,-550,,Chihiro Suzuki,+400,,https://fightodds.io/mma-events/4772/super-rizin-2/odds
Super RIZIN 2,"July 30, 2023",Saitama Super Arena,"Saitama, Japan",Tofiq Musayev,-650,,Akira Okada,+475,,https://fightodds.io/mma-events/4772/super-rizin-2/odds
Super RIZIN 2,"July 30, 2023",Saitama Super Arena,"Saitama, Japan",Kenta Takizawa,-105,,Shinobu Ota,-125,,https://fightodds.io/mma-events/4772/super-rizin-2/odds
Super RIZIN 2,"July 30, 2023",Saitama Super Arena,"Saitama, Japan",Daichi Abe,+190,,Igor Tanabe,-240,,https://fightodds.io/mma-events/4772/super-rizin-2/odds
Super RIZIN 2,"July 30, 2023",Saitama Super Arena,"Saitama, Japan",Yuki Ito,-450,,Hiroya Kondo,+350,,https://fightodds.io/mma-events/4772/super-rizin-2/odds
OKTAGON 45: Mågård vs Lima,"July 29, 2023",Central Tennis Court Štvanice,"Prague, Czech Republic",Felipe Lima,+170,,Jonas Magard,-210,,https://fightodds.io/mma-events/5118/oktagon-45-magard-vs-lima/odds
OKTAGON 45: Mågård vs Lima,"July 29, 2023",Central Tennis Court Štvanice,"Prague, Czech Republic",Robert Bryczek,-185,,Samuel Kristofic,+155,,https://fightodds.io/mma-events/5118/oktagon-45-magard-vs-lima/odds
OKTAGON 45: Mågård vs Lima,"July 29, 2023",Central Tennis Court Štvanice,"Prague, Czech Republic",Vladimir Lengal,-165,,Michael Deiga Scheck,+135,,https://fightodds.io/mma-events/5118/oktagon-45-magard-vs-lima/odds
OKTAGON 45: Mågård vs Lima,"July 29, 2023",Central Tennis Court Štvanice,"Prague, Czech Republic",Ion Surdu,-115,,Mate Kertesz,-115,,https://fightodds.io/mma-events/5118/oktagon-45-magard-vs-lima/odds
OKTAGON 45: Mågård vs Lima,"July 29, 2023",Central Tennis Court Štvanice,"Prague, Czech Republic",Shem Rock,-200,,Jan Malach,+160,,https://fightodds.io/mma-events/5118/oktagon-45-magard-vs-lima/odds
OKTAGON 45: Mågård vs Lima,"July 29, 2023",Central Tennis Court Štvanice,"Prague, Czech Republic",Radovan Uskrt,-105,,Tato Primera,-125,,https://fightodds.io/mma-events/5118/oktagon-45-magard-vs-lima/odds
OKTAGON 45: Mågård vs Lima,"July 29, 2023",Central Tennis Court Štvanice,"Prague, Czech Republic",Ole Magnor,-175,,Václav Mikulášek,+145,,https://fightodds.io/mma-events/5118/oktagon-45-magard-vs-lima/odds
OKTAGON 45: Mågård vs Lima,"July 29, 2023",Central Tennis Court Štvanice,"Prague, Czech Republic",Jaime Cordero,,,Gabriel Torok,,,https://fightodds.io/mma-events/5118/oktagon-45-magard-vs-lima/odds
OKTAGON 45: Mågård vs Lima,"July 29, 2023",Central Tennis Court Štvanice,"Prague, Czech Republic",Radek Rousal,-166,,Armand Herczeg,+136,,https://fightodds.io/mma-events/5118/oktagon-45-magard-vs-lima/odds
Cage Warriors 158: Haque vs. Martignoni,"July 29, 2023",Fiera Roma,"Rome, Italy",Shaj Haque,+110,+100,Michele Martignoni,-130,-119,https://fightodds.io/mma-events/4682/cage-warriors-158-haque-vs-martignoni/odds
Cage Warriors 158: Haque vs. Martignoni,"July 29, 2023",Fiera Roma,"Rome, Italy",Dario Bellandi,-148,-144,Naglis Kanisauskas,+128,+120,https://fightodds.io/mma-events/4682/cage-warriors-158-haque-vs-martignoni/odds
Cage Warriors 158: Haque vs. Martignoni,"July 29, 2023",Fiera Roma,"Rome, Italy",Mason Jones,-1400,-2100,Alexandre Ribeiro,+800,+919,https://fightodds.io/mma-events/4682/cage-warriors-158-haque-vs-martignoni/odds
Cage Warriors 158: Haque vs. Martignoni,"July 29, 2023",Fiera Roma,"Rome, Italy",Micol di Segni,+100,-125,Amanda Torres,-120,+105,https://fightodds.io/mma-events/4682/cage-warriors-158-haque-vs-martignoni/odds
Cage Warriors 158: Haque vs. Martignoni,"July 29, 2023",Fiera Roma,"Rome, Italy",Michael Pagani,+180,+175,James Power,-210,-217,https://fightodds.io/mma-events/4682/cage-warriors-158-haque-vs-martignoni/odds
Cage Warriors 158: Haque vs. Martignoni,"July 29, 2023",Fiera Roma,"Rome, Italy",Emanuele Zaccaria,-128,,Sylwester Miller,+108,,https://fightodds.io/mma-events/4682/cage-warriors-158-haque-vs-martignoni/odds
Cage Warriors 158: Haque vs. Martignoni,"July 29, 2023",Fiera Roma,"Rome, Italy",Dumitru Girlean,-106,,Leon Hill,-114,,https://fightodds.io/mma-events/4682/cage-warriors-158-haque-vs-martignoni/odds
Cage Warriors 158: Haque vs. Martignoni,"July 29, 2023",Fiera Roma,"Rome, Italy",Niko Ceraglia,,,Simone Manno,,,https://fightodds.io/mma-events/4682/cage-warriors-158-haque-vs-martignoni/odds
Cage Warriors 158: Haque vs. Martignoni,"July 29, 2023",Fiera Roma,"Rome, Italy",Gianluca Scottoli,+250,,Sam Kelly,-300,,https://fightodds.io/mma-events/4682/cage-warriors-158-haque-vs-martignoni/odds
Cage Warriors 158: Haque vs. Martignoni,"July 29, 2023",Fiera Roma,"Rome, Italy",Gianluca Rocca,+105,,Guido Possidente,-125,,https://fightodds.io/mma-events/4682/cage-warriors-158-haque-vs-martignoni/odds
Cage Warriors 158: Haque vs. Martignoni,"July 29, 2023",Fiera Roma,"Rome, Italy",Daan Duijs,,,Alexander Sasha Pirev,,,https://fightodds.io/mma-events/4682/cage-warriors-158-haque-vs-martignoni/odds
Cage Warriors 158: Haque vs. Martignoni,"July 29, 2023",Fiera Roma,"Rome, Italy",Emanuele Sabatino,-225,,Aaron Johnson,+190,,https://fightodds.io/mma-events/4682/cage-warriors-158-haque-vs-martignoni/odds
Cage Warriors 158: Haque vs. Martignoni,"July 29, 2023",Fiera Roma,"Rome, Italy",Dario Palazzo,+205,,Emanuele Tetti,-240,,https://fightodds.io/mma-events/4682/cage-warriors-158-haque-vs-martignoni/odds
Cage Warriors 158: Haque vs. Martignoni,"July 29, 2023",Fiera Roma,"Rome, Italy",Florian Doskja,+105,,Amir Malekpour,-125,,https://fightodds.io/mma-events/4682/cage-warriors-158-haque-vs-martignoni/odds
Bellator MMA vs. RIZIN 2: McKee vs. Pitbull,"July 29, 2023",Saitama Super Arena,"Saitama, Japan",Patricky Freire,+165,+155,Roberto de Souza,-190,-185,https://fightodds.io/mma-events/4769/bellator-mma-vs-rizin-2-mckee-vs-pitbull/odds
Bellator MMA vs. RIZIN 2: McKee vs. Pitbull,"July 29, 2023",Saitama Super Arena,"Saitama, Japan",Kyoji Horiguchi,-360,-415,Makoto Takahashi,+285,+310,https://fightodds.io/mma-events/4769/bellator-mma-vs-rizin-2-mckee-vs-pitbull/odds
Bellator MMA vs. RIZIN 2: McKee vs. Pitbull,"July 29, 2023",Saitama Super Arena,"Saitama, Japan",Kana Watanabe,-550,-398,Veta Arteaga,+400,+300,https://fightodds.io/mma-events/4769/bellator-mma-vs-rizin-2-mckee-vs-pitbull/odds
Bellator MMA vs. RIZIN 2: McKee vs. Pitbull,"July 29, 2023",Saitama Super Arena,"Saitama, Japan",Danny Sabatello,-250,-230,Magomed Magomedov,+210,+188,https://fightodds.io/mma-events/4769/bellator-mma-vs-rizin-2-mckee-vs-pitbull/odds
Bellator MMA vs. RIZIN 2: McKee vs. Pitbull,"July 29, 2023",Saitama Super Arena,"Saitama, Japan",Andrey Koreshkov,-130,-140,Lorenz Larkin,+110,+119,https://fightodds.io/mma-events/4769/bellator-mma-vs-rizin-2-mckee-vs-pitbull/odds
UFC 291: Poirier vs. Gaethje 2,"July 29, 2023",Vivint Arena,"Salt Lake City, Utah, United States",Dustin Poirier,-151,-144,Justin Gaethje,+131,+127,https://fightodds.io/mma-events/4744/ufc-291-poirier-vs-gaethje-2/odds
UFC 291: Poirier vs. Gaethje 2,"July 29, 2023",Vivint Arena,"Salt Lake City, Utah, United States",Jan Blachowicz,+102,+101,Alex Pereira,-122,-114,https://fightodds.io/mma-events/4744/ufc-291-poirier-vs-gaethje-2/odds
UFC 291: Poirier vs. Gaethje 2,"July 29, 2023",Vivint Arena,"Salt Lake City, Utah, United States",Derrick Lewis,+170,+178,Marcos Rogerio de Lima,-200,-205,https://fightodds.io/mma-events/4744/ufc-291-poirier-vs-gaethje-2/odds
UFC 291: Poirier vs. Gaethje 2,"July 29, 2023",Vivint Arena,"Salt Lake City, Utah, United States",Tony Ferguson,+285,+255,Bobby Green,-360,-417,https://fightodds.io/mma-events/4744/ufc-291-poirier-vs-gaethje-2/odds
UFC 291: Poirier vs. Gaethje 2,"July 29, 2023",Vivint Arena,"Salt Lake City, Utah, United States",Mike Chiesa,+120,+105,Kevin Holland,-140,-140,https://fightodds.io/mma-events/4744/ufc-291-poirier-vs-gaethje-2/odds
UFC 291: Poirier vs. Gaethje 2,"July 29, 2023",Vivint Arena,"Salt Lake City, Utah, United States",Gabriel Bonfim,-365,-410,Trevin Giles,+290,+252,https://fightodds.io/mma-events/4744/ufc-291-poirier-vs-gaethje-2/odds
UFC 291: Poirier vs. Gaethje 2,"July 29, 2023",Vivint Arena,"Salt Lake City, Utah, United States",Carlos Vergara,-172,-165,Vinicius Salvador,+147,+145,https://fightodds.io/mma-events/4744/ufc-291-poirier-vs-gaethje-2/odds
UFC 291: Poirier vs. Gaethje 2,"July 29, 2023",Vivint Arena,"Salt Lake City, Utah, United States",Roman Kopylov,-250,-246,Claudio Ribeiro,+210,+210,https://fightodds.io/mma-events/4744/ufc-291-poirier-vs-gaethje-2/odds
UFC 291: Poirier vs. Gaethje 2,"July 29, 2023",Vivint Arena,"Salt Lake City, Utah, United States",Jake Matthews,-284,-279,Darrius Flowers,+244,+235,https://fightodds.io/mma-events/4744/ufc-291-poirier-vs-gaethje-2/odds
UFC 291: Poirier vs. Gaethje 2,"July 29, 2023",Vivint Arena,"Salt Lake City, Utah, United States",Matthew Semelsberger,-205,-225,Uros Medic,+175,+160,https://fightodds.io/mma-events/4744/ufc-291-poirier-vs-gaethje-2/odds
UFC 291: Poirier vs. Gaethje 2,"July 29, 2023",Vivint Arena,"Salt Lake City, Utah, United States",Miranda Maverick,-284,-1299,Priscila Cachoeira,+244,+503,https://fightodds.io/mma-events/4744/ufc-291-poirier-vs-gaethje-2/odds
OKTAGON 45: Sanikidze vs Keita,"July 28, 2023",Central Tennis Court Štvanice,"Prague, Czech Republic",Mate Sanikidze,+550,,Losene Keita,-900,,https://fightodds.io/mma-events/4756/oktagon-45-sanikidze-vs-keita/odds
OKTAGON 45: Sanikidze vs Keita,"July 28, 2023",Central Tennis Court Štvanice,"Prague, Czech Republic",Karlos Vemola,-1700,,Lucas Alsina,+850,,https://fightodds.io/mma-events/4756/oktagon-45-sanikidze-vs-keita/odds
OKTAGON 45: Sanikidze vs Keita,"July 28, 2023",Central Tennis Court Štvanice,"Prague, Czech Republic",Ivan Buchinger,-700,,Aboubakar Tounkara,+450,,https://fightodds.io/mma-events/4756/oktagon-45-sanikidze-vs-keita/odds
OKTAGON 45: Sanikidze vs Keita,"July 28, 2023",Central Tennis Court Štvanice,"Prague, Czech Republic",Daniel Škvor,-260,,Nermin Hajdarpasic,+200,,https://fightodds.io/mma-events/4756/oktagon-45-sanikidze-vs-keita/odds
OKTAGON 45: Sanikidze vs Keita,"July 28, 2023",Central Tennis Court Štvanice,"Prague, Czech Republic",Lazar Todev,-275,,Wallyson Carvalho,+215,,https://fightodds.io/mma-events/4756/oktagon-45-sanikidze-vs-keita/odds
OKTAGON 45: Sanikidze vs Keita,"July 28, 2023",Central Tennis Court Štvanice,"Prague, Czech Republic",Jan Siroky,+200,,Ondrej Petrasek,-260,,https://fightodds.io/mma-events/4756/oktagon-45-sanikidze-vs-keita/odds
OKTAGON 45: Sanikidze vs Keita,"July 28, 2023",Central Tennis Court Štvanice,"Prague, Czech Republic",Akonne Wanliss,-400,,Giorgi Gogotchuri,+300,,https://fightodds.io/mma-events/4756/oktagon-45-sanikidze-vs-keita/odds
OKTAGON 45: Sanikidze vs Keita,"July 28, 2023",Central Tennis Court Štvanice,"Prague, Czech Republic",Roman Paulus,-120,,Callum Mullen,-110,,https://fightodds.io/mma-events/4756/oktagon-45-sanikidze-vs-keita/odds
OKTAGON 45: Sanikidze vs Keita,"July 28, 2023",Central Tennis Court Štvanice,"Prague, Czech Republic",James Lewis,+215,,Vladislav Kanchev,-275,,https://fightodds.io/mma-events/4756/oktagon-45-sanikidze-vs-keita/odds
OKTAGON 45: Sanikidze vs Keita,"July 28, 2023",Central Tennis Court Štvanice,"Prague, Czech Republic",Ivan Klevets,-305,,Nikolaos Serbezis,+245,,https://fightodds.io/mma-events/4756/oktagon-45-sanikidze-vs-keita/odds
UFC Fight Night 224: Aspinall vs. Tybura,"July 22, 2023",O2 Arena,"London, England",Tom Aspinall,-500,-480,Marcin Tybura,+375,+375,https://fightodds.io/mma-events/4671/ufc-fight-night-224-aspinall-vs-tybura/odds
UFC Fight Night 224: Aspinall vs. Tybura,"July 22, 2023",O2 Arena,"London, England",Molly McCann,-210,-189,Julija Stoliarenko,+180,+165,https://fightodds.io/mma-events/4671/ufc-fight-night-224-aspinall-vs-tybura/odds
UFC Fight Night 224: Aspinall vs. Tybura,"July 22, 2023",O2 Arena,"London, England",Nathaniel Wood,-206,-208,Andre Fili,+176,+180,https://fightodds.io/mma-events/4671/ufc-fight-night-224-aspinall-vs-tybura/odds
UFC Fight Night 224: Aspinall vs. Tybura,"July 22, 2023",O2 Arena,"London, England",Paul Craig,+200,+195,Andre Muniz,-235,-227,https://fightodds.io/mma-events/4671/ufc-fight-night-224-aspinall-vs-tybura/odds
UFC Fight Night 224: Aspinall vs. Tybura,"July 22, 2023",O2 Arena,"London, England",Jai Herbert,+148,+154,Fares Ziam,-173,-176,https://fightodds.io/mma-events/4671/ufc-fight-night-224-aspinall-vs-tybura/odds
UFC Fight Night 224: Aspinall vs. Tybura,"July 22, 2023",O2 Arena,"London, England",Lerone Murphy,-144,-161,Joshua Culibao,+124,+120,https://fightodds.io/mma-events/4671/ufc-fight-night-224-aspinall-vs-tybura/odds
UFC Fight Night 224: Aspinall vs. Tybura,"July 22, 2023",O2 Arena,"London, England",Davey Grant,+124,+125,Daniel Marcos,-144,-144,https://fightodds.io/mma-events/4671/ufc-fight-night-224-aspinall-vs-tybura/odds
UFC Fight Night 224: Aspinall vs. Tybura,"July 22, 2023",O2 Arena,"London, England",Danny Roberts,-152,-132,Johnny Parsons,+132,+115,https://fightodds.io/mma-events/4671/ufc-fight-night-224-aspinall-vs-tybura/odds
UFC Fight Night 224: Aspinall vs. Tybura,"July 22, 2023",O2 Arena,"London, England",Marc Diakiese,+180,+175,Joel Alvarez,-210,-207,https://fightodds.io/mma-events/4671/ufc-fight-night-224-aspinall-vs-tybura/odds
UFC Fight Night 224: Aspinall vs. Tybura,"July 22, 2023",O2 Arena,"London, England",Jamal Pogues,-146,-150,Michael Parkin,+126,+130,https://fightodds.io/mma-events/4671/ufc-fight-night-224-aspinall-vs-tybura/odds
UFC Fight Night 224: Aspinall vs. Tybura,"July 22, 2023",O2 Arena,"London, England",Bryan Barberena,+285,+285,Makhmud Muradov,-350,-361,https://fightodds.io/mma-events/4671/ufc-fight-night-224-aspinall-vs-tybura/odds
UFC Fight Night 224: Aspinall vs. Tybura,"July 22, 2023",O2 Arena,"London, England",Ketlen Vieira,-156,-156,Pannie Kianzad,+136,+135,https://fightodds.io/mma-events/4671/ufc-fight-night-224-aspinall-vs-tybura/odds
UFC Fight Night 224: Aspinall vs. Tybura,"July 22, 2023",O2 Arena,"London, England",Chris Duncan,-139,-144,Yanal Ashmuz,+119,+125,https://fightodds.io/mma-events/4671/ufc-fight-night-224-aspinall-vs-tybura/odds
UFC Fight Night 224: Aspinall vs. Tybura,"July 22, 2023",O2 Arena,"London, England",Bruna Emanuele Brasil,-148,-150,Shauna Bannon,+128,+130,https://fightodds.io/mma-events/4671/ufc-fight-night-224-aspinall-vs-tybura/odds
UFC Fight Night 224: Aspinall vs. Tybura,"July 22, 2023",O2 Arena,"London, England",Jafel Cavalcante Filho,-110,-107,Daniel Barez,-110,-107,https://fightodds.io/mma-events/4671/ufc-fight-night-224-aspinall-vs-tybura/odds
Centurion FC 13: Rex Orientem,"July 21, 2023",Casa Ibarra,"Manila, Philippines",Jean-Jacques Lubaya,-550,,Mario Sismundo,+400,,https://fightodds.io/mma-events/5009/centurion-fc-13-rex-orientem/odds
Centurion FC 13: Rex Orientem,"July 21, 2023",Casa Ibarra,"Manila, Philippines",Kimbert Alintozon,-160,,Marvin Malunes,+130,,https://fightodds.io/mma-events/5009/centurion-fc-13-rex-orientem/odds
Centurion FC 13: Rex Orientem,"July 21, 2023",Casa Ibarra,"Manila, Philippines",Fernando Venus,-110,,Ely Malinis Fernandez,-120,,https://fightodds.io/mma-events/5009/centurion-fc-13-rex-orientem/odds
Centurion FC 13: Rex Orientem,"July 21, 2023",Casa Ibarra,"Manila, Philippines",Elias Duran Sapo,+135,,Ernie Braca,-165,,https://fightodds.io/mma-events/5009/centurion-fc-13-rex-orientem/odds
Centurion FC 13: Rex Orientem,"July 21, 2023",Casa Ibarra,"Manila, Philippines",Mark Julian Itaas,+110,,Junifer Kimmayong,-140,,https://fightodds.io/mma-events/5009/centurion-fc-13-rex-orientem/odds
Centurion FC 13: Rex Orientem,"July 21, 2023",Casa Ibarra,"Manila, Philippines",Roel Rosauro,+395,,Carlos Eduardo,-520,,https://fightodds.io/mma-events/5009/centurion-fc-13-rex-orientem/odds
Centurion FC 13: Rex Orientem,"July 21, 2023",Casa Ibarra,"Manila, Philippines",Keishi Yagi,-200,,Reydon Romero,+160,,https://fightodds.io/mma-events/5009/centurion-fc-13-rex-orientem/odds
Cage Warriors 157: Stanton vs. Webb 2,"July 21, 2023",Indigo At The O2,"London, England",Mick Stanton,+117,+109,James Webb,-137,-130,https://fightodds.io/mma-events/4683/cage-warriors-157-stanton-vs-webb-2/odds
Cage Warriors 157: Stanton vs. Webb 2,"July 21, 2023",Indigo At The O2,"London, England",Jordan Vucenic,-1500,-2222,Brice Picaud,+850,+950,https://fightodds.io/mma-events/4683/cage-warriors-157-stanton-vs-webb-2/odds
Cage Warriors 157: Stanton vs. Webb 2,"July 21, 2023",Indigo At The O2,"London, England",Morgan Charriere,-255,-268,Diego Silva,+215,+210,https://fightodds.io/mma-events/4683/cage-warriors-157-stanton-vs-webb-2/odds
Cage Warriors 157: Stanton vs. Webb 2,"July 21, 2023",Indigo At The O2,"London, England",Daniel Skibinski,-105,+115,Madars Fleminas,-115,-137,https://fightodds.io/mma-events/4683/cage-warriors-157-stanton-vs-webb-2/odds
Cage Warriors 157: Stanton vs. Webb 2,"July 21, 2023",Indigo At The O2,"London, England",Luke Riley,-650,-765,Matheus Malta,+475,+475,https://fightodds.io/mma-events/4683/cage-warriors-157-stanton-vs-webb-2/odds
Cage Warriors 157: Stanton vs. Webb 2,"July 21, 2023",Indigo At The O2,"London, England",Harry Hardwick,-500,,Vitor Estevam,+375,,https://fightodds.io/mma-events/4683/cage-warriors-157-stanton-vs-webb-2/odds
Cage Warriors 157: Stanton vs. Webb 2,"July 21, 2023",Indigo At The O2,"London, England",Will Currie,-550,,Jorge Bueno,+400,,https://fightodds.io/mma-events/4683/cage-warriors-157-stanton-vs-webb-2/odds
Cage Warriors 157: Stanton vs. Webb 2,"July 21, 2023",Indigo At The O2,"London, England",Angus Hewett,+379,,Connor Hayes,-479,,https://fightodds.io/mma-events/4683/cage-warriors-157-stanton-vs-webb-2/odds
Cage Warriors 157: Stanton vs. Webb 2,"July 21, 2023",Indigo At The O2,"London, England",Omeil Brown,+106,,Jesse Urholin,-126,,https://fightodds.io/mma-events/4683/cage-warriors-157-stanton-vs-webb-2/odds
Cage Warriors 157: Stanton vs. Webb 2,"July 21, 2023",Indigo At The O2,"London, England",Taka Mhandu,+184,,Grant Ogborne,-214,,https://fightodds.io/mma-events/4683/cage-warriors-157-stanton-vs-webb-2/odds
Cage Warriors 157: Stanton vs. Webb 2,"July 21, 2023",Indigo At The O2,"London, England",Weslley Maia,+165,,Shirzad Qadrian,-190,,https://fightodds.io/mma-events/4683/cage-warriors-157-stanton-vs-webb-2/odds
Cage Warriors 157: Stanton vs. Webb 2,"July 21, 2023",Indigo At The O2,"London, England",Janne Elonen-Kulmala,+350,,Liam Gittins,-450,,https://fightodds.io/mma-events/4683/cage-warriors-157-stanton-vs-webb-2/odds
Cage Warriors 157: Stanton vs. Webb 2,"July 21, 2023",Indigo At The O2,"London, England",Tom Mearns,+170,,Bailey Gilbert,-200,,https://fightodds.io/mma-events/4683/cage-warriors-157-stanton-vs-webb-2/odds
Cage Warriors 157: Stanton vs. Webb 2,"July 21, 2023",Indigo At The O2,"London, England",Wesley Machado,+250,,George Tanasa,-300,,https://fightodds.io/mma-events/4683/cage-warriors-157-stanton-vs-webb-2/odds
Cage Warriors 157: Stanton vs. Webb 2,"July 21, 2023",Indigo At The O2,"London, England",Ander Sanchez,-115,,Tom Creasey,-105,,https://fightodds.io/mma-events/4683/cage-warriors-157-stanton-vs-webb-2/odds
Fame Friday Arena 1: Alberto vs Kubańczyk,"July 21, 2023",Hala Stulecia,"Wrocław, Poland",Piotr Świerczewski,,,Dariusz Kaźmierczuk,,,https://fightodds.io/mma-events/5020/fame-friday-arena-1-alberto-vs-kubanczyk/odds
Fame Friday Arena 1: Alberto vs Kubańczyk,"July 21, 2023",Hala Stulecia,"Wrocław, Poland",Elizabeth Anorue,,,Olga Sałacka,,,https://fightodds.io/mma-events/5020/fame-friday-arena-1-alberto-vs-kubanczyk/odds
One Friday Fights 26,"July 21, 2023",Lumpinee Boxing Stadium,"Bangkok, Thailand",Nat Jaroonsak,,,Lisa Kyriacou,,,https://fightodds.io/mma-events/5100/one-friday-fights-26/odds
One Friday Fights 26,"July 21, 2023",Lumpinee Boxing Stadium,"Bangkok, Thailand",Puengluang Baanramba,,,Khunponnoi Sor Sommai,,,https://fightodds.io/mma-events/5100/one-friday-fights-26/odds
One Friday Fights 26,"July 21, 2023",Lumpinee Boxing Stadium,"Bangkok, Thailand",Taiki Naito,,,Dedduanglek Tded99,,,https://fightodds.io/mma-events/5100/one-friday-fights-26/odds
LFA 163: Johns vs. Garcia,"July 21, 2023",Bell County Expo Center,"Belton, Texas, United States",Eli Johns,-240,-246,Javier Garcia,+205,+200,https://fightodds.io/mma-events/4743/lfa-163-johns-vs-garcia/odds
LFA 163: Johns vs. Garcia,"July 21, 2023",Bell County Expo Center,"Belton, Texas, United States",William Starks,-350,-354,Johnny Hopper,+285,+272,https://fightodds.io/mma-events/4743/lfa-163-johns-vs-garcia/odds
LFA 163: Johns vs. Garcia,"July 21, 2023",Bell County Expo Center,"Belton, Texas, United States",Landry Ward,-190,-184,Matheus Pereira,+165,+154,https://fightodds.io/mma-events/4743/lfa-163-johns-vs-garcia/odds
LFA 163: Johns vs. Garcia,"July 21, 2023",Bell County Expo Center,"Belton, Texas, United States",Angel Alvarez,-430,-449,Milko Tucto,+330,+330,https://fightodds.io/mma-events/4743/lfa-163-johns-vs-garcia/odds
LFA 163: Johns vs. Garcia,"July 21, 2023",Bell County Expo Center,"Belton, Texas, United States",Kevin Fernandez,-350,-320,Javier Cepeda,+275,+250,https://fightodds.io/mma-events/4743/lfa-163-johns-vs-garcia/odds
LFA 163: Johns vs. Garcia,"July 21, 2023",Bell County Expo Center,"Belton, Texas, United States",Kyler Fairchild,-110,-108,Alik Lorenz,-110,-108,https://fightodds.io/mma-events/4743/lfa-163-johns-vs-garcia/odds
LFA 163: Johns vs. Garcia,"July 21, 2023",Bell County Expo Center,"Belton, Texas, United States",Enrique Owens,-125,,Jota Ninomiya,+105,,https://fightodds.io/mma-events/4743/lfa-163-johns-vs-garcia/odds
LFA 163: Johns vs. Garcia,"July 21, 2023",Bell County Expo Center,"Belton, Texas, United States",Zumar Archer,-205,,Oseyiomon Oiyemhonlan,+175,,https://fightodds.io/mma-events/4743/lfa-163-johns-vs-garcia/odds
LFA 163: Johns vs. Garcia,"July 21, 2023",Bell County Expo Center,"Belton, Texas, United States",Ian Engbrock,-225,,John Beckett,+190,,https://fightodds.io/mma-events/4743/lfa-163-johns-vs-garcia/odds
CFFC 122: Gunnison vs. Watley,"July 20, 2023",Seminole Hard Rock Casino,"Tampa, Florida, United States",Cedric Gunnison,+110,,Robert Watley,-140,,https://fightodds.io/mma-events/5083/cffc-122-gunnison-vs-watley/odds
CFFC 122: Gunnison vs. Watley,"July 20, 2023",Seminole Hard Rock Casino,"Tampa, Florida, United States",Shamel Findley,+160,,Badmatsyren Dorzhiev,-200,,https://fightodds.io/mma-events/5083/cffc-122-gunnison-vs-watley/odds
CFFC 122: Gunnison vs. Watley,"July 20, 2023",Seminole Hard Rock Casino,"Tampa, Florida, United States",Hugh Pulley,-285,,Bryan McDowell,+225,,https://fightodds.io/mma-events/5083/cffc-122-gunnison-vs-watley/odds
CFFC 122: Gunnison vs. Watley,"July 20, 2023",Seminole Hard Rock Casino,"Tampa, Florida, United States",Max Quinones,-1000,,Tyler Howell,+700,,https://fightodds.io/mma-events/5083/cffc-122-gunnison-vs-watley/odds
CFFC 122: Gunnison vs. Watley,"July 20, 2023",Seminole Hard Rock Casino,"Tampa, Florida, United States",Brandon Lopez,-240,,Julio Cesar Chaves,+190,,https://fightodds.io/mma-events/5083/cffc-122-gunnison-vs-watley/odds
CFFC 122: Gunnison vs. Watley,"July 20, 2023",Seminole Hard Rock Casino,"Tampa, Florida, United States",William Rentz,-205,,Feraris Golden Jr.,+165,,https://fightodds.io/mma-events/5083/cffc-122-gunnison-vs-watley/odds
CFFC 122: Gunnison vs. Watley,"July 20, 2023",Seminole Hard Rock Casino,"Tampa, Florida, United States",Jesus Hernandez,+225,,Angelo Rivera Jr.,-285,,https://fightodds.io/mma-events/5083/cffc-122-gunnison-vs-watley/odds
CFFC 122: Gunnison vs. Watley,"July 20, 2023",Seminole Hard Rock Casino,"Tampa, Florida, United States",Marquez Forest,-260,,Tommy Laipply,+200,,https://fightodds.io/mma-events/5083/cffc-122-gunnison-vs-watley/odds
CFFC 122: Gunnison vs. Watley,"July 20, 2023",Seminole Hard Rock Casino,"Tampa, Florida, United States",Isaiah Sackey-El,+100,,Monte Morrison,-130,,https://fightodds.io/mma-events/5083/cffc-122-gunnison-vs-watley/odds
Fury FC 81: Rojo vs. Linhares,"July 16, 2023",Boeing Center at Tech Port,"San Antonio, Texas",Marce Rojo,+165,,Maike Linhares Galvao Amorim,-205,,https://fightodds.io/mma-events/4754/fury-fc-81-rojo-vs-linhares/odds
Fury FC 81: Rojo vs. Linhares,"July 16, 2023",Boeing Center at Tech Port,"San Antonio, Texas",Zachary Borrego,-225,,Adam Vigil,+185,,https://fightodds.io/mma-events/4754/fury-fc-81-rojo-vs-linhares/odds
Fury FC 81: Rojo vs. Linhares,"July 16, 2023",Boeing Center at Tech Port,"San Antonio, Texas",Austin Jones,+170,,Jacobe Smith,-210,,https://fightodds.io/mma-events/4754/fury-fc-81-rojo-vs-linhares/odds
Fury FC 81: Rojo vs. Linhares,"July 16, 2023",Boeing Center at Tech Port,"San Antonio, Texas",John Yannis,+250,,Mo Miller,-325,,https://fightodds.io/mma-events/4754/fury-fc-81-rojo-vs-linhares/odds
Fury FC 81: Rojo vs. Linhares,"July 16, 2023",Boeing Center at Tech Port,"San Antonio, Texas",Kody Steele,-325,,Nicholas Whitehead,+250,,https://fightodds.io/mma-events/4754/fury-fc-81-rojo-vs-linhares/odds
Fury FC 81: Rojo vs. Linhares,"July 16, 2023",Boeing Center at Tech Port,"San Antonio, Texas",Alex Wettstein,+210,,Roger Smith,-270,,https://fightodds.io/mma-events/4754/fury-fc-81-rojo-vs-linhares/odds
Fury FC 81: Rojo vs. Linhares,"July 16, 2023",Boeing Center at Tech Port,"San Antonio, Texas",Brandon Gutierrez,+170,,Juan Rosales,-210,,https://fightodds.io/mma-events/4754/fury-fc-81-rojo-vs-linhares/odds
KSW 84: De Fries vs. Bajor,"July 15, 2023",Polsat Plus Arena,"Gdynia, Poland",Phil De Fries,-550,,Szymon Bajor,+385,,https://fightodds.io/mma-events/4800/ksw-84-de-fries-vs-bajor/odds
KSW 84: De Fries vs. Bajor,"July 15, 2023",Polsat Plus Arena,"Gdynia, Poland",Sebastian Przybysz,-750,,Islam Djabrailov,+475,,https://fightodds.io/mma-events/4800/ksw-84-de-fries-vs-bajor/odds
KSW 84: De Fries vs. Bajor,"July 15, 2023",Polsat Plus Arena,"Gdynia, Poland",Cezary Kesik,-150,,Damian Janikowski,+120,,https://fightodds.io/mma-events/4800/ksw-84-de-fries-vs-bajor/odds
KSW 84: De Fries vs. Bajor,"July 15, 2023",Polsat Plus Arena,"Gdynia, Poland",Darko Stosic,-325,,Stefan Vojcak,+250,,https://fightodds.io/mma-events/4800/ksw-84-de-fries-vs-bajor/odds
KSW 84: De Fries vs. Bajor,"July 15, 2023",Polsat Plus Arena,"Gdynia, Poland",Nemanja Nikolic,+210,,Bartosz Leśko,-270,,https://fightodds.io/mma-events/4800/ksw-84-de-fries-vs-bajor/odds
KSW 84: De Fries vs. Bajor,"July 15, 2023",Polsat Plus Arena,"Gdynia, Poland",Henry Fadipe,+160,,Krystian Kaszubowski,-200,,https://fightodds.io/mma-events/4800/ksw-84-de-fries-vs-bajor/odds
KSW 84: De Fries vs. Bajor,"July 15, 2023",Polsat Plus Arena,"Gdynia, Poland",Damian Stasiak,-350,,Pascal Hintzen,+275,,https://fightodds.io/mma-events/4800/ksw-84-de-fries-vs-bajor/odds
KSW 84: De Fries vs. Bajor,"July 15, 2023",Polsat Plus Arena,"Gdynia, Poland",Bruno Augusto dos Santos,-365,,Gustavo Oliveira,+290,,https://fightodds.io/mma-events/4800/ksw-84-de-fries-vs-bajor/odds
KSW 84: De Fries vs. Bajor,"July 15, 2023",Polsat Plus Arena,"Gdynia, Poland",Borys Dzikowski,-175,,Damian Mieczkowski,+145,,https://fightodds.io/mma-events/4800/ksw-84-de-fries-vs-bajor/odds
KSW 84: De Fries vs. Bajor,"July 15, 2023",Polsat Plus Arena,"Gdynia, Poland",Patryk Chrobak,+110,,Milosz Melchert,-140,,https://fightodds.io/mma-events/4800/ksw-84-de-fries-vs-bajor/odds
UFC Fight Night: Holm vs. Bueno Silva,"July 15, 2023",UFC Apex,"Las Vegas, Nevada, United States",Mayra Bueno Silva,+145,+144,Holly Holm,-170,-164,https://fightodds.io/mma-events/4702/ufc-fight-night-holm-vs-bueno-silva/odds
UFC Fight Night: Holm vs. Bueno Silva,"July 15, 2023",UFC Apex,"Las Vegas, Nevada, United States",Jack Della Maddalena,-700,-651,Bassil Hafez,+500,+460,https://fightodds.io/mma-events/4702/ufc-fight-night-holm-vs-bueno-silva/odds
UFC Fight Night: Holm vs. Bueno Silva,"July 15, 2023",UFC Apex,"Las Vegas, Nevada, United States",Ottman Azaitar,-103,-106,Francisco Prado,-117,-106,https://fightodds.io/mma-events/4702/ufc-fight-night-holm-vs-bueno-silva/odds
UFC Fight Night: Holm vs. Bueno Silva,"July 15, 2023",UFC Apex,"Las Vegas, Nevada, United States",Albert Duraev,+120,+132,Jun Yong Park,-140,-149,https://fightodds.io/mma-events/4702/ufc-fight-night-holm-vs-bueno-silva/odds
UFC Fight Night: Holm vs. Bueno Silva,"July 15, 2023",UFC Apex,"Las Vegas, Nevada, United States",Norma Dumont,-150,-141,Chelsea Chandler,+130,+125,https://fightodds.io/mma-events/4702/ufc-fight-night-holm-vs-bueno-silva/odds
UFC Fight Night: Holm vs. Bueno Silva,"July 15, 2023",UFC Apex,"Las Vegas, Nevada, United States",Terrance McKinney,+145,+133,Nazim Sadykhov,-170,-151,https://fightodds.io/mma-events/4702/ufc-fight-night-holm-vs-bueno-silva/odds
UFC Fight Night: Holm vs. Bueno Silva,"July 15, 2023",UFC Apex,"Las Vegas, Nevada, United States",Tucker Lutz,+121,+125,Melsik Bagdasaryan,-141,-141,https://fightodds.io/mma-events/4702/ufc-fight-night-holm-vs-bueno-silva/odds
UFC Fight Night: Holm vs. Bueno Silva,"July 15, 2023",UFC Apex,"Las Vegas, Nevada, United States",Istela Nunes,+169,+170,Viktoriya Dudakova,-194,-195,https://fightodds.io/mma-events/4702/ufc-fight-night-holm-vs-bueno-silva/odds
UFC Fight Night: Holm vs. Bueno Silva,"July 15, 2023",UFC Apex,"Las Vegas, Nevada, United States",Austin Lingo,+190,+190,Melquizael Costa,-225,-221,https://fightodds.io/mma-events/4702/ufc-fight-night-holm-vs-bueno-silva/odds
UFC Fight Night: Holm vs. Bueno Silva,"July 15, 2023",UFC Apex,"Las Vegas, Nevada, United States",Genaro Valdez,+250,+245,Evan Elder,-300,-293,https://fightodds.io/mma-events/4702/ufc-fight-night-holm-vs-bueno-silva/odds
UFC Fight Night: Holm vs. Bueno Silva,"July 15, 2023",UFC Apex,"Las Vegas, Nevada, United States",Tyson Nam,+300,+349,Azat Maksum,-400,-460,https://fightodds.io/mma-events/4702/ufc-fight-night-holm-vs-bueno-silva/odds
UFC Fight Night: Holm vs. Bueno Silva,"July 15, 2023",UFC Apex,"Las Vegas, Nevada, United States",Carl Deaton III,+195,+190,Alex Munoz,-230,-221,https://fightodds.io/mma-events/4702/ufc-fight-night-holm-vs-bueno-silva/odds
UFC Fight Night: Holm vs. Bueno Silva,"July 15, 2023",UFC Apex,"Las Vegas, Nevada, United States",Ashlee Evans-Smith,+240,+213,Ailin Perez,-280,-250,https://fightodds.io/mma-events/4702/ufc-fight-night-holm-vs-bueno-silva/odds
ONE Fight Night 12: Kryklia vs. Xhaja,"July 14, 2023",Lumpinee Boxing Stadium,"Bangkok, Thailand",Garry Tonon,+180,,Shamil Gasanov,-220,,https://fightodds.io/mma-events/4705/one-fight-night-12-kryklia-vs-xhaja/odds
ONE Fight Night 12: Kryklia vs. Xhaja,"July 14, 2023",Lumpinee Boxing Stadium,"Bangkok, Thailand",Superlek Kiatmookao,-210,,Tagir Khalilov,+170,,https://fightodds.io/mma-events/4705/one-fight-night-12-kryklia-vs-xhaja/odds
ONE Fight Night 12: Kryklia vs. Xhaja,"July 14, 2023",Lumpinee Boxing Stadium,"Bangkok, Thailand",Amir Aliakbari,,,Dustin Joynson,,,https://fightodds.io/mma-events/4705/one-fight-night-12-kryklia-vs-xhaja/odds
ONE Fight Night 12: Kryklia vs. Xhaja,"July 14, 2023",Lumpinee Boxing Stadium,"Bangkok, Thailand",Wei Xie,+155,,Yuya Wakamatsu,-185,,https://fightodds.io/mma-events/4705/one-fight-night-12-kryklia-vs-xhaja/odds
ONE Fight Night 12: Kryklia vs. Xhaja,"July 14, 2023",Lumpinee Boxing Stadium,"Bangkok, Thailand",Aaron Canarte,+275,,Akbar Abdullaev,-350,,https://fightodds.io/mma-events/4705/one-fight-night-12-kryklia-vs-xhaja/odds
ONE Fight Night 12: Kryklia vs. Xhaja,"July 14, 2023",Lumpinee Boxing Stadium,"Bangkok, Thailand",Walter Goncalves,-225,,Duoji Banma,+185,,https://fightodds.io/mma-events/4705/one-fight-night-12-kryklia-vs-xhaja/odds
ONE Fight Night 12: Kryklia vs. Xhaja,"July 14, 2023",Lumpinee Boxing Stadium,"Bangkok, Thailand",Tammi Musumeci,-500,,Amanda Alequin,+375,,https://fightodds.io/mma-events/4705/one-fight-night-12-kryklia-vs-xhaja/odds
ONE Fight Night 12: Kryklia vs. Xhaja,"July 14, 2023",Lumpinee Boxing Stadium,"Bangkok, Thailand",Lara Fernandez,+300,,Phetjeeja OrMeekhun,-400,,https://fightodds.io/mma-events/4705/one-fight-night-12-kryklia-vs-xhaja/odds
ONE Fight Night 12: Kryklia vs. Xhaja,"July 14, 2023",Lumpinee Boxing Stadium,"Bangkok, Thailand",Constantin Rusu,-305,,Bogdan Shumarov,+245,,https://fightodds.io/mma-events/4705/one-fight-night-12-kryklia-vs-xhaja/odds
BKFC 47: Mundell vs. Richman,"July 14, 2023",Jenkins Arena,"Lakeland, Florida",David Mundell,+123,,Mike Richman,-153,,https://fightodds.io/mma-events/4764/bkfc-47-mundell-vs-richman/odds
BKFC 47: Mundell vs. Richman,"July 14, 2023",Jenkins Arena,"Lakeland, Florida",Josh Dyer,+120,,Jared Warren,-150,,https://fightodds.io/mma-events/4764/bkfc-47-mundell-vs-richman/odds
BKFC 47: Mundell vs. Richman,"July 14, 2023",Jenkins Arena,"Lakeland, Florida",Brandon Allen,-201,,Seth Shaffer,+161,,https://fightodds.io/mma-events/4764/bkfc-47-mundell-vs-richman/odds
BKFC 47: Mundell vs. Richman,"July 14, 2023",Jenkins Arena,"Lakeland, Florida",Gabriel Freyre,,,Josh Wright,,,https://fightodds.io/mma-events/4764/bkfc-47-mundell-vs-richman/odds
BKFC 47: Mundell vs. Richman,"July 14, 2023",Jenkins Arena,"Lakeland, Florida",Ryan Reber,+160,,Travis Thompson,-200,,https://fightodds.io/mma-events/4764/bkfc-47-mundell-vs-richman/odds
BKFC 47: Mundell vs. Richman,"July 14, 2023",Jenkins Arena,"Lakeland, Florida",Martyna Krol,-825,,Gabrielle Roman,+575,,https://fightodds.io/mma-events/4764/bkfc-47-mundell-vs-richman/odds
BKFC 47: Mundell vs. Richman,"July 14, 2023",Jenkins Arena,"Lakeland, Florida",Tony Murphy,-950,,Michael Jones,+650,,https://fightodds.io/mma-events/4764/bkfc-47-mundell-vs-richman/odds
BKFC 47: Mundell vs. Richman,"July 14, 2023",Jenkins Arena,"Lakeland, Florida",Crystal Pittman,-600,,Toni Tallman,+425,,https://fightodds.io/mma-events/4764/bkfc-47-mundell-vs-richman/odds
BKFC 47: Mundell vs. Richman,"July 14, 2023",Jenkins Arena,"Lakeland, Florida",Ja'Far Fortt,-120,,Tim Hester,-110,,https://fightodds.io/mma-events/4764/bkfc-47-mundell-vs-richman/odds
CFFC 121: Perez vs. Vasil,"July 14, 2023",Horseshoe Casino & Hotel,"Tunica, Mississippi, United States",Jose Perez,-350,,Chris Vasil,+275,,https://fightodds.io/mma-events/4986/cffc-121-perez-vs-vasil/odds
CFFC 121: Perez vs. Vasil,"July 14, 2023",Horseshoe Casino & Hotel,"Tunica, Mississippi, United States",Jarious Gill,+500,,Danny Barlow,-700,,https://fightodds.io/mma-events/4986/cffc-121-perez-vs-vasil/odds
CFFC 121: Perez vs. Vasil,"July 14, 2023",Horseshoe Casino & Hotel,"Tunica, Mississippi, United States",Raheam Forest,-220,,Treston Vines,+180,,https://fightodds.io/mma-events/4986/cffc-121-perez-vs-vasil/odds
CFFC 121: Perez vs. Vasil,"July 14, 2023",Horseshoe Casino & Hotel,"Tunica, Mississippi, United States",Rebecca Evans,+110,,Marilia Morais,-140,,https://fightodds.io/mma-events/4986/cffc-121-perez-vs-vasil/odds
CFFC 121: Perez vs. Vasil,"July 14, 2023",Horseshoe Casino & Hotel,"Tunica, Mississippi, United States",Lydell Poag,-150,,Keith Dowell,+120,,https://fightodds.io/mma-events/4986/cffc-121-perez-vs-vasil/odds
CFFC 121: Perez vs. Vasil,"July 14, 2023",Horseshoe Casino & Hotel,"Tunica, Mississippi, United States",Petera Wilson,-1500,,Langston Nembhard,+850,,https://fightodds.io/mma-events/4986/cffc-121-perez-vs-vasil/odds
CFFC 121: Perez vs. Vasil,"July 14, 2023",Horseshoe Casino & Hotel,"Tunica, Mississippi, United States",Evaniel Johnson,+150,,Joseph Tran,-180,,https://fightodds.io/mma-events/4986/cffc-121-perez-vs-vasil/odds
CFFC 121: Perez vs. Vasil,"July 14, 2023",Horseshoe Casino & Hotel,"Tunica, Mississippi, United States",Nakia Brown,-161,,Lige Mitchell,+131,,https://fightodds.io/mma-events/4986/cffc-121-perez-vs-vasil/odds
CFFC 121: Perez vs. Vasil,"July 14, 2023",Horseshoe Casino & Hotel,"Tunica, Mississippi, United States",Christian Echols,-160,,Keanan Patershuk,+130,,https://fightodds.io/mma-events/4986/cffc-121-perez-vs-vasil/odds
EFC 105,"July 13, 2023",EFC Performance Institute,"Sandton, South Africa",Musa Sethwape,+165,,Nkazimulo Zulu,-195,,https://fightodds.io/mma-events/4805/efc-105/odds
EFC 105,"July 13, 2023",EFC Performance Institute,"Sandton, South Africa",Peace Nguphane,-650,,Mark Kamba,+475,,https://fightodds.io/mma-events/4805/efc-105/odds
EFC 105,"July 13, 2023",EFC Performance Institute,"Sandton, South Africa",Micky Cloete,-260,,Vincent Nakana,+200,,https://fightodds.io/mma-events/4805/efc-105/odds
EFC 105,"July 13, 2023",EFC Performance Institute,"Sandton, South Africa",Pietie Coxen,+400,,Jeremie Tshibala,-550,,https://fightodds.io/mma-events/4805/efc-105/odds
EFC 105,"July 13, 2023",EFC Performance Institute,"Sandton, South Africa",Humphrey Mulenga,-500,,Nkosi Doyisa,+375,,https://fightodds.io/mma-events/4805/efc-105/odds
EFC 105,"July 13, 2023",EFC Performance Institute,"Sandton, South Africa",Lecture Ntshangase,-140,,Guide Moyo,+110,,https://fightodds.io/mma-events/4805/efc-105/odds
EFC 105,"July 13, 2023",EFC Performance Institute,"Sandton, South Africa",Tyral Louw,+165,,Teboho Ntene,-205,,https://fightodds.io/mma-events/4805/efc-105/odds
EFC 105,"July 13, 2023",EFC Performance Institute,"Sandton, South Africa",David Mambo,-115,,Andrew Caruth,-115,,https://fightodds.io/mma-events/4805/efc-105/odds
EFC 105,"July 13, 2023",EFC Performance Institute,"Sandton, South Africa",Lukhmaan Jhazbhay,+215,,Tebatso Molele,-275,,https://fightodds.io/mma-events/4805/efc-105/odds
EFC 105,"July 13, 2023",EFC Performance Institute,"Sandton, South Africa",Warren Richards,+700,,Ken Sekeletu,-1000,,https://fightodds.io/mma-events/4805/efc-105/odds
EFC 105,"July 13, 2023",EFC Performance Institute,"Sandton, South Africa",Ayanda Zwane,-130,,Emerson Pedro,+100,,https://fightodds.io/mma-events/4805/efc-105/odds
UFC 290: Volkanovski vs. Rodriguez,"July 8, 2023",T-Mobile Arena,"Las Vegas, Nevada, United States",Alex Volkanovski,-365,-376,Yair Rodriguez,+290,+295,https://fightodds.io/mma-events/4634/ufc-290-volkanovski-vs-rodriguez/odds
UFC 290: Volkanovski vs. Rodriguez,"July 8, 2023",T-Mobile Arena,"Las Vegas, Nevada, United States",Brandon Moreno,-214,-207,Alexandre Pantoja,+184,+175,https://fightodds.io/mma-events/4634/ufc-290-volkanovski-vs-rodriguez/odds
UFC 290: Volkanovski vs. Rodriguez,"July 8, 2023",T-Mobile Arena,"Las Vegas, Nevada, United States",Robert Whittaker,-340,-368,Dricus Du Plessis,+280,+290,https://fightodds.io/mma-events/4634/ufc-290-volkanovski-vs-rodriguez/odds
UFC 290: Volkanovski vs. Rodriguez,"July 8, 2023",T-Mobile Arena,"Las Vegas, Nevada, United States",Jalin Turner,-270,-295,Daniel Hooker,+230,+240,https://fightodds.io/mma-events/4634/ufc-290-volkanovski-vs-rodriguez/odds
UFC 290: Volkanovski vs. Rodriguez,"July 8, 2023",T-Mobile Arena,"Las Vegas, Nevada, United States",Bo Nickal,-1500,-1919,Valentine Woodburn,+750,+1008,https://fightodds.io/mma-events/4634/ufc-290-volkanovski-vs-rodriguez/odds
UFC 290: Volkanovski vs. Rodriguez,"July 8, 2023",T-Mobile Arena,"Las Vegas, Nevada, United States",Robbie Lawler,+180,+195,Niko Price,-210,-233,https://fightodds.io/mma-events/4634/ufc-290-volkanovski-vs-rodriguez/odds
UFC 290: Volkanovski vs. Rodriguez,"July 8, 2023",T-Mobile Arena,"Las Vegas, Nevada, United States",Tatsuro Taira,-925,-1022,Edgar Chairez,+625,+647,https://fightodds.io/mma-events/4634/ufc-290-volkanovski-vs-rodriguez/odds
UFC 290: Volkanovski vs. Rodriguez,"July 8, 2023",T-Mobile Arena,"Las Vegas, Nevada, United States",Yasmine Jauregui,-330,-376,Denise Gomes,+270,+295,https://fightodds.io/mma-events/4634/ufc-290-volkanovski-vs-rodriguez/odds
UFC 290: Volkanovski vs. Rodriguez,"July 8, 2023",T-Mobile Arena,"Las Vegas, Nevada, United States",Jim Crute,-150,-141,Alonzo Menifield,+130,+122,https://fightodds.io/mma-events/4634/ufc-290-volkanovski-vs-rodriguez/odds
UFC 290: Volkanovski vs. Rodriguez,"July 8, 2023",T-Mobile Arena,"Las Vegas, Nevada, United States",Vitor Petrino,-265,-240,Marcin Prachnio,+225,+200,https://fightodds.io/mma-events/4634/ufc-290-volkanovski-vs-rodriguez/odds
UFC 290: Volkanovski vs. Rodriguez,"July 8, 2023",T-Mobile Arena,"Las Vegas, Nevada, United States",Cameron Saaiman,-650,-601,Terrence Mitchell,+475,+432,https://fightodds.io/mma-events/4634/ufc-290-volkanovski-vs-rodriguez/odds
UFC 290: Volkanovski vs. Rodriguez,"July 8, 2023",T-Mobile Arena,"Las Vegas, Nevada, United States",Shannon Ross,+130,+124,Jesus Aguilar,-150,-143,https://fightodds.io/mma-events/4634/ufc-290-volkanovski-vs-rodriguez/odds
UFC 290: Volkanovski vs. Rodriguez,"July 8, 2023",T-Mobile Arena,"Las Vegas, Nevada, United States",Kamuela Kirk,+144,+129,Esteban Ribovics,-164,-149,https://fightodds.io/mma-events/4634/ufc-290-volkanovski-vs-rodriguez/odds
LFA 162: Conceição vs. Lopes,"July 7, 2023",Ginásio do Polvilho,"Cajamar, São Paulo, Brazil",Rose Brito,-330,-374,Elaine Lopes,+270,+285,https://fightodds.io/mma-events/4742/lfa-162-conceicao-vs-lopes/odds
LFA 162: Conceição vs. Lopes,"July 7, 2023",Ginásio do Polvilho,"Cajamar, São Paulo, Brazil",Jefferson Nascimento,-125,-135,Italo Gomes,+105,+115,https://fightodds.io/mma-events/4742/lfa-162-conceicao-vs-lopes/odds
LFA 162: Conceição vs. Lopes,"July 7, 2023",Ginásio do Polvilho,"Cajamar, São Paulo, Brazil",Bruno Suema,+425,+415,Alisson Murilo,-600,-602,https://fightodds.io/mma-events/4742/lfa-162-conceicao-vs-lopes/odds
LFA 162: Conceição vs. Lopes,"July 7, 2023",Ginásio do Polvilho,"Cajamar, São Paulo, Brazil",Daniela Antonelli,+230,+230,Estefani Almeida,-270,-290,https://fightodds.io/mma-events/4742/lfa-162-conceicao-vs-lopes/odds
LFA 162: Conceição vs. Lopes,"July 7, 2023",Ginásio do Polvilho,"Cajamar, São Paulo, Brazil",Rafael Tobias,-625,-528,Miguel Porto,+450,+375,https://fightodds.io/mma-events/4742/lfa-162-conceicao-vs-lopes/odds
LFA 162: Conceição vs. Lopes,"July 7, 2023",Ginásio do Polvilho,"Cajamar, São Paulo, Brazil",Thiago Ivan,+425,,Gabriel Costa,-600,,https://fightodds.io/mma-events/4742/lfa-162-conceicao-vs-lopes/odds
LFA 162: Conceição vs. Lopes,"July 7, 2023",Ginásio do Polvilho,"Cajamar, São Paulo, Brazil",Francisco Ataliba,+700,,Michael Oliveira,-1000,,https://fightodds.io/mma-events/4742/lfa-162-conceicao-vs-lopes/odds
LFA 162: Conceição vs. Lopes,"July 7, 2023",Ginásio do Polvilho,"Cajamar, São Paulo, Brazil",Cassio Arduini,+160,,Renildo Monteiro Magave,-185,,https://fightodds.io/mma-events/4742/lfa-162-conceicao-vs-lopes/odds
LFA 162: Conceição vs. Lopes,"July 7, 2023",Ginásio do Polvilho,"Cajamar, São Paulo, Brazil",Guilherme Uriel Silva Costa,,,Abner Rodrigues,+575,,https://fightodds.io/mma-events/4742/lfa-162-conceicao-vs-lopes/odds
LFA 162: Conceição vs. Lopes,"July 7, 2023",Ginásio do Polvilho,"Cajamar, São Paulo, Brazil",Nawira Ferreira da Silva,+475,,Edilania da Silva,-650,,https://fightodds.io/mma-events/4742/lfa-162-conceicao-vs-lopes/odds
LFA 162: Conceição vs. Lopes,"July 7, 2023",Ginásio do Polvilho,"Cajamar, São Paulo, Brazil",Rafaela Silva,+600,,Gabriela Fujimoto,-900,,https://fightodds.io/mma-events/4742/lfa-162-conceicao-vs-lopes/odds
Cage Warriors 156: Bonner vs. Stewart,"July 1, 2023",Vale Sports Arena,"Cardiff, Wales",Matthew Bonner,+115,+120,Darren Stewart,-135,-144,https://fightodds.io/mma-events/4728/cage-warriors-156-bonner-vs-stewart/odds
Cage Warriors 156: Bonner vs. Stewart,"July 1, 2023",Vale Sports Arena,"Cardiff, Wales",Reece McEwan,-470,-732,Leonardo de Oliveira Barbosa,+370,+460,https://fightodds.io/mma-events/4728/cage-warriors-156-bonner-vs-stewart/odds
Cage Warriors 156: Bonner vs. Stewart,"July 1, 2023",Vale Sports Arena,"Cardiff, Wales",Andy Clamp,-190,-210,Ghassan Abdenabi,+165,+170,https://fightodds.io/mma-events/4728/cage-warriors-156-bonner-vs-stewart/odds
Cage Warriors 156: Bonner vs. Stewart,"July 1, 2023",Vale Sports Arena,"Cardiff, Wales",Rory Evans,+185,+190,Jack Eglin,-220,-238,https://fightodds.io/mma-events/4728/cage-warriors-156-bonner-vs-stewart/odds
Cage Warriors 156: Bonner vs. Stewart,"July 1, 2023",Vale Sports Arena,"Cardiff, Wales",Jimmy Quinn,-700,,Dan Kneil,+450,,https://fightodds.io/mma-events/4728/cage-warriors-156-bonner-vs-stewart/odds
Cage Warriors 156: Bonner vs. Stewart,"July 1, 2023",Vale Sports Arena,"Cardiff, Wales",Scott Pedersen,-1100,,Yohan Salvador,+625,,https://fightodds.io/mma-events/4728/cage-warriors-156-bonner-vs-stewart/odds
Cage Warriors 156: Bonner vs. Stewart,"July 1, 2023",Vale Sports Arena,"Cardiff, Wales",Milad Ahady,-1300,,Marcondes Bastos,+675,,https://fightodds.io/mma-events/4728/cage-warriors-156-bonner-vs-stewart/odds
Cage Warriors 156: Bonner vs. Stewart,"July 1, 2023",Vale Sports Arena,"Cardiff, Wales",Stephanie Evans,+140,,Malgorzata Tkocz,-160,,https://fightodds.io/mma-events/4728/cage-warriors-156-bonner-vs-stewart/odds
Cage Warriors 156: Bonner vs. Stewart,"July 1, 2023",Vale Sports Arena,"Cardiff, Wales",Marin Vetrila,-205,,El Hadji Ndiaye,+175,,https://fightodds.io/mma-events/4728/cage-warriors-156-bonner-vs-stewart/odds
Cage Warriors 156: Bonner vs. Stewart,"July 1, 2023",Vale Sports Arena,"Cardiff, Wales",Ieuan Davies,-210,,El Hadji Ndiaye,+170,,https://fightodds.io/mma-events/4728/cage-warriors-156-bonner-vs-stewart/odds
BKFC 46: Franco vs. Tenaglia,"July 1, 2023",Walker Activity Dome,"Newcastle, United Kingdom",Rico Franco,-115,,Franco Tenaglia,-115,,https://fightodds.io/mma-events/4746/bkfc-46-franco-vs-tenaglia/odds
BKFC 46: Franco vs. Tenaglia,"July 1, 2023",Walker Activity Dome,"Newcastle, United Kingdom",Robert Barry,+100,,Ben Bonner,-130,,https://fightodds.io/mma-events/4746/bkfc-46-franco-vs-tenaglia/odds
BKFC 46: Franco vs. Tenaglia,"July 1, 2023",Walker Activity Dome,"Newcastle, United Kingdom",Paul Cook,-185,,Adrian Galvez,+155,,https://fightodds.io/mma-events/4746/bkfc-46-franco-vs-tenaglia/odds
BKFC 46: Franco vs. Tenaglia,"July 1, 2023",Walker Activity Dome,"Newcastle, United Kingdom",Matty Hill,-130,,Dawid Oskar,+100,,https://fightodds.io/mma-events/4746/bkfc-46-franco-vs-tenaglia/odds
BKFC 46: Franco vs. Tenaglia,"July 1, 2023",Walker Activity Dome,"Newcastle, United Kingdom",Bart Król,-260,,Goscha Krautwald,+200,,https://fightodds.io/mma-events/4746/bkfc-46-franco-vs-tenaglia/odds
BKFC 46: Franco vs. Tenaglia,"July 1, 2023",Walker Activity Dome,"Newcastle, United Kingdom",Gary Fox,-1800,,Hayden Sherriff,+900,,https://fightodds.io/mma-events/4746/bkfc-46-franco-vs-tenaglia/odds
BKFC 46: Franco vs. Tenaglia,"July 1, 2023",Walker Activity Dome,"Newcastle, United Kingdom",Morgan Starkey,-145,,Patryk Sagan,+115,,https://fightodds.io/mma-events/4746/bkfc-46-franco-vs-tenaglia/odds
BKFC 46: Franco vs. Tenaglia,"July 1, 2023",Walker Activity Dome,"Newcastle, United Kingdom",Robbie Brown,-220,,Ben Hatchett,+180,,https://fightodds.io/mma-events/4746/bkfc-46-franco-vs-tenaglia/odds
BKFC 46: Franco vs. Tenaglia,"July 1, 2023",Walker Activity Dome,"Newcastle, United Kingdom",Arron Blakey,-265,,Krystian Nadolski,+205,,https://fightodds.io/mma-events/4746/bkfc-46-franco-vs-tenaglia/odds
BKFC 46: Franco vs. Tenaglia,"July 1, 2023",Walker Activity Dome,"Newcastle, United Kingdom",Karl Thompson,-115,,Dustin Rabiega,-115,,https://fightodds.io/mma-events/4746/bkfc-46-franco-vs-tenaglia/odds
